City_ID,City,Lat,Lng,Max Temp,Humidity,Cloudiness,Wind Speed,Country,Date
0,okahandja,-21.9833,16.9167,19.08,36,65,0.72,NA,1683168464
1,tiksi,71.6872,128.8694,-0.88,85,54,12.47,RU,1683168069
2,daru,-9.0763,143.2092,29.35,72,54,5.03,PG,1683168326
3,albany,42.6001,-73.9662,7.87,90,100,1.98,US,1683167997
4,ribeira grande,38.5167,-28.7,17.1,91,72,5.81,PT,1683168071
5,waitangi,-43.9535,-176.5597,17.12,84,46,4.02,NZ,1683168066
6,stanley,54.868,-1.6985,6.5,85,75,3.6,GB,1683168167
7,vorgashor,67.5833,63.95,-0.8,93,100,2.75,RU,1683168248
8,havre,49.5833,0.3333,12.22,71,100,4.63,FR,1683168471
9,ushuaia,-54.8,-68.3,7.81,76,75,9.77,AR,1683168079
10,peterhead,57.5058,-1.7981,8.22,88,100,6.16,GB,1683168086
11,al bawiti,28.3492,28.8659,20.02,31,0,4.25,EG,1683168089
12,saint-philippe,-21.3585,55.7679,20.77,83,73,4.39,RE,1683168076
13,port-aux-francais,-49.35,70.2167,7.22,97,99,9.42,TF,1683168068
14,hawaiian paradise park,19.5933,-154.9731,26.73,79,40,5.66,US,1683168083
15,wailua homesteads,22.0669,-159.378,27.24,71,20,6.17,US,1683168125
16,lebu,-37.6167,-73.65,10.48,85,4,7.56,CL,1683168216
17,hamilton,39.1834,-84.5333,10.35,75,0,3.09,US,1683167903
18,jamestown,42.097,-79.2353,6.77,93,100,2.06,US,1683168060
19,ust-nera,64.5667,143.2,0.82,77,97,2.65,RU,1683168159
20,petropavlovsk-kamchatsky,53.0452,158.6483,7.33,57,75,6,RU,1683168143
21,kachkanar,58.7,59.4948,13.48,76,100,2.35,RU,1683168302
22,yellowknife,62.456,-114.3525,15.29,41,75,5.14,CA,1683168008
23,souillac,-20.5167,57.5167,23.21,100,40,1.54,MU,1683168478
24,xiabaishi,26.8153,119.6792,23.96,79,91,1.58,CN,1683168479
25,peruibe,-24.32,-46.9983,20.88,95,16,1.12,BR,1683168233
26,port elizabeth,-33.918,25.5701,14.16,97,0,1.54,ZA,1683168064
27,whitehorse,60.7161,-135.0538,8.43,26,40,5.66,CA,1683168157
28,grytviken,-54.2811,-36.5092,3.11,99,100,4.94,GS,1683168092
29,neryungri,56.6709,124.6491,-0.63,87,100,5.32,RU,1683168482
30,rantauprapat,2.1,99.8333,29.9,70,100,1.3,ID,1683168482
31,vila franca do campo,37.7167,-25.4333,17.23,87,63,5.27,PT,1683168383
32,mejit,10.2753,170.8646,27.18,77,91,7.62,MH,1683168389
33,melfort,52.8667,-104.6177,19.07,19,6,2.57,CA,1683168484
34,punta arenas,-53.15,-70.9167,8.06,81,40,16.46,CL,1683167930
35,deqen,29.9618,90.7188,8.39,45,83,3.21,CN,1683168485
36,mastic beach,40.7668,-72.8521,10.99,83,99,3.58,US,1683168486
37,longyearbyen,78.2186,15.6401,-5.09,86,75,1.54,SJ,1683168077
38,tura,25.5198,90.2201,23.29,83,64,0.64,IN,1683168292
39,turinsk,58.0458,63.696,15.92,50,81,4.44,RU,1683168487
40,prado,-17.3411,-39.2208,24,88,0,2.58,BR,1683168488
41,hadibu,12.65,54.0333,28.62,78,100,1.79,YE,1683168197
42,kaiapoi,-43.3783,172.6401,20.87,72,100,4.12,NZ,1683168490
43,ta`u,-14.2336,-169.5144,27.49,78,100,5.54,AS,1683168227
44,kununurra,-15.7667,128.7333,29.99,28,0,5.14,AU,1683168357
45,kruisfontein,-34.0033,24.7314,12.71,81,0,2.85,ZA,1683168492
46,bredasdorp,-34.5322,20.0403,11.51,92,0,1.62,ZA,1683168110
47,ujae,8.9322,165.7642,26.76,85,100,5.47,MH,1683168493
48,blackmans bay,-43.0167,147.3167,14.85,64,32,1.79,AU,1683168091
49,savanna-la-mar,18.219,-78.1332,28.97,83,98,1.76,JM,1683168494
50,bowen,-20.0167,148.2333,26.19,54,19,7.27,AU,1683168495
51,aasiaat,68.7098,-52.8699,0.12,98,100,7.16,GL,1683168065
52,reedsburg,43.5325,-90.0026,11.99,51,40,0,US,1683168224
53,tual,-5.6667,132.75,28.54,80,34,6.05,ID,1683168497
54,adamstown,-25.066,-130.1015,24.63,66,31,1.89,PN,1683168063
55,port lincoln,-34.7333,135.8667,16.57,57,100,4.42,AU,1683168328
56,vilyuchinsk,52.9306,158.4028,8.15,85,58,2.63,RU,1683168343
57,waddan,29.1614,16.139,17.24,45,1,1.89,LY,1683168499
58,bikenibeu village,1.3673,173.1241,30.98,70,40,2.57,KI,1683168187
59,puerto natales,-51.7236,-72.4875,8.18,82,100,8.59,CL,1683168074
60,pacific grove,36.6177,-121.9166,12.97,89,100,1.54,US,1683168218
61,box elder,41.5005,-112.8764,17.66,37,89,4.96,US,1683168502
62,olonkinbyen,70.9221,-8.7187,-0.27,82,38,8.48,SJ,1683168124
63,iqaluit,63.7506,-68.5145,-3.15,86,100,4.12,CA,1683168101
64,oodweyne,9.4092,45.064,23.17,74,100,1.96,SO,1683168503
65,dickinson,29.4608,-95.0513,24.49,77,0,3.09,US,1683168504
66,bardai,11.65,7.2333,24.96,39,37,3.19,NG,1683168230
67,sandnessjoen,66.0217,12.6316,-0.2,88,86,1.34,NO,1683168162
68,betare oya,5.6,14.0833,18.87,93,91,1.09,CM,1683168505
69,ciudad bolivar,8.1222,-63.5497,28.54,60,13,6.35,VE,1683168060
70,anadyr,64.75,177.4833,-4.72,74,0,3,RU,1683168088
71,kyzyl,51.7,94.45,4.95,41,99,1.58,RU,1683168507
72,sheregesh,52.9209,87.9869,5.71,68,22,0.69,RU,1683168508
73,phalaborwa,-23.943,31.1411,20.6,78,1,1.13,ZA,1683168508
74,laguna,38.421,-121.4238,16.53,54,20,1.54,US,1683168337
75,carutapera,-1.195,-46.02,24.24,95,100,3.39,BR,1683168509
76,georgetown,5.4112,100.3354,30.96,74,20,1.03,MY,1683168078
77,west island,-12.1568,96.8225,28.99,74,75,0.51,CC,1683168068
78,lerwick,60.1545,-1.1494,7,78,100,7.54,GB,1683168058
79,avarua,-21.2078,-159.775,26.03,83,75,9.26,CK,1683168241
80,funadhoo,6.15,73.2667,29.42,70,100,6.76,MV,1683168512
81,invercargill,-46.4,168.35,16.22,77,60,1.27,NZ,1683168075
82,acarau,-2.8856,-40.12,25.62,86,68,4.1,BR,1683168333
83,port alfred,-33.5906,26.891,17.45,85,0,2.46,ZA,1683168096
84,utrik,11.2278,169.8474,27.09,76,97,6.91,MH,1683168349
85,hermanus,-34.4187,19.2345,13.78,85,0,0.99,ZA,1683168084
86,luderitz,-26.6481,15.1594,13.52,73,16,5,NA,1683168184
87,sidney,-33.8679,151.2073,21.32,47,1,1.34,AU,1683168329
88,lihue,21.9789,-159.3672,27.58,71,20,6.17,US,1683168116
89,queenstown,-31.8976,26.8753,8.46,71,1,1.49,ZA,1683168518
90,nuuk,64.1835,-51.7216,3.34,70,100,11.83,GL,1683168337
91,port mathurin,-19.6833,63.4167,25.56,75,13,4.31,MU,1683168131
92,edinburgh of the seven seas,-37.0676,-12.3116,17.56,85,89,8.81,SH,1683168066
93,fort mcmurray,56.7268,-111.381,26.77,21,0,3.6,CA,1683168299
94,talnakh,69.4865,88.3972,-0.44,94,100,4.82,RU,1683168130
95,bilibino,68.0546,166.4372,-5.92,75,100,2.2,RU,1683168123
96,kitimat,54.0524,-128.6534,15.21,66,100,0.34,CA,1683168203
97,kodiak,57.79,-152.4072,2.78,98,100,8.59,US,1683168077
98,san luis de la loma,17.2706,-100.8939,27.59,71,81,2.04,MX,1683168198
99,sechura,-5.5569,-80.8222,25.6,72,70,6.6,PE,1683168523
100,sarangani,5.4033,125.4636,28.83,75,26,4.48,PH,1683168524
101,qamdo,31.1667,97.2333,6.08,33,100,3.25,CN,1683168342
102,aykhal,66,111.5,0.2,92,81,8.42,RU,1683168320
103,kargasok,59.0556,80.8572,11.97,43,100,5.71,RU,1683168525
104,alofi,-19.0595,-169.9187,23.94,94,100,8.23,NU,1683168102
105,ilulissat,69.2167,-51.1,0.01,100,100,0,GL,1683168095
106,villa gesell,-37.2639,-56.973,10.59,83,0,4.59,AR,1683168350
107,happy valley-goose bay,53.3168,-60.3315,3.17,87,100,7.2,CA,1683168132
108,chonchi,-42.6128,-73.8092,10.07,96,95,0.76,CL,1683168102
109,kupang,-10.1667,123.5833,32.32,66,40,8.23,ID,1683168529
110,atafu village,-8.5421,-172.5159,28.98,74,67,6.78,TK,1683168100
111,papatowai,-46.5619,169.4708,15.35,79,23,2.01,NZ,1683168069
112,isafjordur,66.0755,-23.124,3.77,74,100,0.79,IS,1683168072
113,shitanjing,39.2342,106.3439,10,50,100,3.37,CN,1683168532
114,nalut,30.3333,10.85,16.54,44,10,4.62,LY,1683168532
115,alice springs,-23.7,133.8833,20.75,37,7,6.17,AU,1683168242
116,uturoa,-16.7333,-151.4333,28.08,78,31,8.8,PF,1683168175
117,korsun-shevchenkivskyi,49.4189,31.2587,8.3,74,100,2.96,UA,1683168534
118,labytnangi,66.6572,66.4183,0.34,100,100,2.55,RU,1683168118
119,cabo san lucas,22.8909,-109.9124,23.67,66,100,3.6,MX,1683168359
120,lubumbashi,-11.6609,27.4794,10.45,89,0,1.26,CD,1683168535
121,tabas,33.5959,56.9244,24.25,27,0,3.26,IR,1683168536
122,fort bragg,35.139,-79.006,14.75,55,0,3.09,US,1683168289
123,fortuna,40.5982,-124.1573,12.59,87,100,1.8,US,1683168144
124,selfoss,63.9331,-20.9971,3.36,69,100,5.17,IS,1683168136
125,tazovsky,67.4667,78.7,-2.79,88,100,1.39,RU,1683168257
126,susuman,62.7833,148.1667,-0.92,77,96,1.43,RU,1683168070
127,puerto ayora,-0.7393,-90.3518,26.97,90,7,1.34,EC,1683168153
128,ivanava,52.1451,25.5365,3.26,79,14,3.02,BY,1683168541
129,montepuez,-13.1256,38.9997,14.41,97,0,2.04,MZ,1683168541
130,enid,36.3956,-97.8784,16.66,65,0,5.14,US,1683168542
131,hilo,19.7297,-155.09,26.85,74,40,5.66,US,1683168542
132,constantia,44.1833,28.65,11.5,87,100,3.83,RO,1683168158
133,pasighat,28.0667,95.3333,23.98,71,99,0.69,IN,1683168544
134,tamanrasset,22.785,5.5228,21.95,11,0,2.57,DZ,1683168035
135,essaouira,31.5125,-9.77,17.72,68,100,1.54,MA,1683168545
136,saipan,15.1355,145.701,31.39,100,40,5.66,MP,1683168165
137,paijan,-7.7333,-79.3022,22.57,80,31,4.32,PE,1683168546
138,carnarvon,-24.8667,113.6333,26.67,45,3,3.29,AU,1683168319
139,talara,-4.5772,-81.2719,26.42,73,0,7.72,PE,1683168547
140,bodaybo,57.8506,114.1933,4.52,74,98,1.94,RU,1683168548
141,dunedin,-45.8742,170.5036,14.33,98,6,0.89,NZ,1683168149
142,bethel,41.3712,-73.414,10.17,82,100,2.06,US,1683168042
143,nuku'alofa,-21.1333,-175.2,26.19,73,75,9.77,TO,1683168549
144,chegdomyn,51.1167,133.0167,11.16,34,84,7.06,RU,1683168550
145,qaqortoq,60.7167,-46.0333,0.23,72,53,0.55,GL,1683168085
146,benguela,-12.5763,13.4055,24.21,88,99,1.04,AO,1683168551
147,taber,49.8167,-112.1518,26,19,20,3.6,CA,1683168303
148,afaahiti,-17.75,-149.2833,29.48,83,25,8.92,PF,1683168142
149,thompson,55.7435,-97.8558,8.09,61,40,1.03,CA,1683168065
150,liwonde,-15.0506,35.2035,15.07,90,1,0.5,MW,1683168553
151,antigo,45.1402,-89.1523,9.64,81,100,1.54,US,1683168554
152,chos malal,-37.3781,-70.2709,12.23,24,1,1.86,AR,1683168554
153,ceeldheer,3.8488,47.1806,26.93,81,100,5.01,SO,1683168555
154,lycksele,64.5954,18.6735,-5.07,74,37,2.57,SE,1683168556
155,hithadhoo,-0.6,73.0833,27.64,82,100,10.86,MV,1683168176
156,ndola,-12.9587,28.6366,13.08,85,15,0.45,ZM,1683168557
157,ratnagiri,16.9833,73.3,27.75,68,77,1.92,IN,1683168558
158,gilgit,35.9221,74.3087,15.66,41,10,0.77,PK,1683168559
159,nemuro,43.3236,145.575,11.23,71,71,2.99,JP,1683168260
160,kathu,7.9178,98.3332,31.9,69,60,3.22,TH,1683168561
161,preobrazheniye,42.9019,133.9064,17.35,56,68,5.89,RU,1683168562
162,praia da vitoria,38.7333,-27.0667,17.09,77,20,4.85,PT,1683168201
163,rikaze,29.25,88.8833,9.32,33,23,1.34,CN,1683168397
164,keflavik,64.0049,-22.5624,3.95,87,100,7.2,IS,1683168298
165,prince rupert,54.3161,-130.3201,9.05,76,0,8.23,CA,1683168227
166,sheridan,44.8333,-106.9173,19.21,48,0,1.54,US,1683168564
167,nar'yan-mar,67.6713,53.087,0.27,99,100,4.44,RU,1683168175
168,robat karim,35.4846,51.0829,10.92,57,0,10.29,IR,1683168565
169,merritt island,28.5392,-80.672,23.01,47,0,3.09,US,1683168395
170,rongelap,11.1635,166.8941,27.19,76,100,8.32,MH,1683168331
171,severo-yeniseyskiy,60.3725,93.0408,2.86,84,100,3.38,RU,1683168088
172,vila velha,-20.3297,-40.2925,21.64,93,40,1.54,BR,1683168567
173,island harbour,50.724,-1.2758,11.1,79,100,2.24,GB,1683168568
174,nova vicosa,-17.8919,-39.3719,23.69,87,0,2.59,BR,1683167912
175,prince george,53.9166,-122.753,23.69,21,0,4.12,CA,1683168569
176,champerico,14.3,-91.9167,29.28,75,65,2.66,GT,1683168223
177,dudinka,69.4058,86.1778,-0.21,94,82,3.79,RU,1683168306
178,al ghayzah,16.2079,52.176,27.81,81,85,0.42,YE,1683168571
179,ola,59.5833,151.2833,6.75,72,100,1.31,RU,1683168571
180,jianshui,23.6363,102.8264,28.86,34,1,6.37,CN,1683168572
181,palmer,42.1584,-72.3287,9.36,81,100,3.09,US,1683168398
182,college,64.8569,-147.8028,7.55,54,75,4.12,US,1683168119
183,san lorenzo de esmeraldas,1.2883,-78.8369,25.78,88,100,0.29,EC,1683168573
184,ormond-by-the-sea,29.3491,-81.0665,21.67,55,0,3.6,US,1683168574
185,miquelon,47.0975,-56.3814,5,95,100,8.08,PM,1683168575
186,sandersville,32.9815,-82.8101,13.82,55,0,2.7,US,1683168575
187,kerikeri,-35.2268,173.9474,19.39,96,100,0.45,NZ,1683168576
188,port macquarie,-31.4333,152.9167,21.61,33,0,5.48,AU,1683168576
189,protaras,35.0125,34.0583,17.95,58,6,5.43,CY,1683168577
190,flying fish cove,-10.4217,105.6791,28.82,83,75,4.12,CX,1683168578
191,badger,64.8,-147.5333,7.51,55,75,4.12,US,1683168067
192,maitum,6.0392,124.4986,30.87,65,80,2.22,PH,1683168579
193,doka,13.5167,35.7667,28.54,12,63,1.88,SD,1683168579
194,bel ombre,-4.6167,55.4167,28.91,74,40,6.17,SC,1683168353
195,langepas,61.2544,75.2124,7.71,85,100,4.71,RU,1683168580
196,la grande,45.3246,-118.0877,21.87,55,100,0.79,US,1683168348
197,kapuskasing,49.4169,-82.4331,4.05,93,40,1.03,CA,1683168121
198,acapulco de juarez,16.8634,-99.8901,28.9,74,40,2.57,MX,1683167890
199,recani,31.2846,-4.2688,24.85,18,88,0.99,MA,1683168583
200,el colorado,-26.3081,-59.3729,14.81,90,100,0.55,AR,1683168583
201,buka,40.8108,69.1986,13.5,32,40,4.73,UZ,1683168584
202,okhotsk,59.3833,143.3,2.39,63,100,0.82,RU,1683168207
203,srivardhan,18.0333,73.0167,28.19,65,100,1.25,IN,1683168585
204,newman,37.3138,-121.0208,15.01,82,100,0.89,US,1683168266
205,nova sintra,14.8667,-24.7167,21.13,78,75,6.71,CV,1683168129
206,at taj,24.2049,23.2857,24.04,14,6,3.56,LY,1683168587
207,callao,-12.0667,-77.15,22.16,83,100,6.17,PE,1683168064
208,codrington,-38.2667,141.9667,16.15,49,69,3.6,AU,1683168308
209,lautoka,-17.6167,177.4667,28.92,65,40,5.14,FJ,1683168588
210,mpulungu,-8.7623,31.1141,21.24,74,36,2.87,ZM,1683168589
211,portland,45.5234,-122.6762,19.33,73,100,3.21,US,1683168232
212,kozhevnikovo,56.2589,83.9714,9.24,61,100,0.78,RU,1683168590
213,el alto,-4.2714,-81.2147,24.81,78,94,6.15,PE,1683168591
214,oyama,36.3,139.8,27.97,26,0,2.54,JP,1683168591
215,taltal,-25.4,-70.4833,15.87,80,0,1.16,CL,1683168592
216,tashla,51.7716,52.7427,14.52,33,100,4.81,RU,1683168593
217,coari,-4.085,-63.1414,23.38,99,99,0.95,BR,1683168593
218,zouerate,22.7187,-12.4521,26.51,26,100,5.84,MR,1683168594
219,cide,41.8921,33.0044,13.07,62,57,2.79,TR,1683168595
220,mount pearl,47.5166,-52.7813,3.51,97,100,4.12,CA,1683168091
221,ain sefra,32.75,-0.5833,23.12,26,92,1.99,DZ,1683168596
222,sarmiento,-45.5882,-69.07,13.58,56,100,14.25,AR,1683168379
223,tofol,5.3248,163.0078,28.48,74,100,2.21,FM,1683168597
224,paita,-5.0892,-81.1144,24.86,79,63,6.91,PE,1683168598
225,bechar,31.6167,-2.2167,27.18,14,40,4.12,DZ,1683168599
226,ubari,26.5921,12.7805,20.91,36,0,2.56,LY,1683168600
227,smithfield,41.922,-71.5495,9.61,93,100,0.45,US,1683168336
228,la passe,45.5549,-0.8967,18.13,84,82,3.73,FR,1683167915
229,thinadhoo,0.5333,72.9333,27.72,81,100,10.37,MV,1683168602
230,beledweyne,4.7358,45.2036,26.38,76,100,5.1,SO,1683168602
231,altay,47.8667,88.1167,2.89,34,58,0.99,CN,1683168286
232,ocean city,39.2776,-74.5746,9.99,76,65,2.24,US,1683168534
233,same,-4.0667,37.7333,17.79,96,59,1.51,TZ,1683168604
234,hasaki,35.7333,140.8333,27.38,63,0,9.19,JP,1683167954
235,deir ez-zor,35.3359,40.1408,17.44,30,0,3.92,SY,1683168606
236,mahina,-17.5065,-149.489,30.42,66,40,2.57,PF,1683168413
237,cooma,-36.2333,149.1333,14.56,46,1,1.23,AU,1683168607
238,karratha,-20.7377,116.8463,30.94,24,0,7.13,AU,1683168608
239,pisco,-13.7,-76.2167,20.03,83,0,7.2,PE,1683168150
240,facatativa,4.8137,-74.3545,12.75,90,83,2.75,CO,1683168609
241,naze,28.3667,129.4833,22.51,75,100,6.13,JP,1683168609
242,midvagur,62.0511,-7.1939,2.46,80,75,2.06,FO,1683168610
243,nizhniy kuranakh,58.8353,125.4869,0.97,78,100,3.62,RU,1683168611
244,chateaudun,48.0833,1.3333,11.44,94,100,3.21,FR,1683168612
245,canchungo,12.0672,-16.0333,24.03,83,71,2.73,GW,1683168612
246,northam,51.0333,-4.2167,12.36,80,100,7.71,GB,1683168332
247,haiku-pauwela,20.9219,-156.3051,28.01,51,20,9.26,US,1683168299
248,agrestina,-8.4581,-35.9447,20.39,98,41,0.67,BR,1683168614
249,gizo,-8.103,156.8419,30.09,72,100,4.7,SB,1683168615
250,kenai,60.5544,-151.2583,6.05,60,100,2.06,US,1683168403
251,margate,51.3813,1.3862,11.61,76,100,1.79,GB,1683168616
252,mata-utu,-13.2816,-176.1745,26.51,78,100,4.86,WF,1683168116
253,karasburg,-28.0167,18.75,17.08,15,100,2.48,NA,1683168617
254,kiunga,-6.1219,141.2906,33.42,55,72,0.85,PG,1683168618
255,isangel,-19.55,169.2667,28.21,69,5,4.77,VU,1683168618
256,swakopmund,-22.6833,14.5333,12.77,91,28,2.4,NA,1683168268
257,harunabad,29.6133,73.1389,28.76,40,51,3.19,PK,1683168619
258,sinabang,2.4803,96.3801,28.11,77,97,1.18,ID,1683168620
259,mogocha,53.7333,119.7667,8.01,29,61,3.99,RU,1683168621
260,zeya,53.75,127.2667,10.32,44,96,5.9,RU,1683168622
261,tyukhtet,56.5389,89.3011,8.31,53,97,1.35,RU,1683168622
262,freshwater,50.692,-1.5079,10.56,78,100,8.01,GB,1683168623
263,sukumo,32.9333,132.7333,20.89,64,100,2.99,JP,1683168623
264,semera,11.501,41.201,27.71,57,94,1.76,ET,1683168624
265,east ballina,-28.8667,153.5833,24.33,50,0,4.39,AU,1683168624
266,margaret river,-33.95,115.0667,18.59,53,51,4.72,AU,1683168083
267,campo formoso,-10.5075,-40.3214,20.16,96,16,1.53,BR,1683168625
268,westport,41.1415,-73.3579,10.87,80,100,3.6,US,1683167889
269,nizhniy ingash,56.2,96.53,7.24,53,56,0.39,RU,1683168627
270,pacasmayo,-7.4006,-79.5714,23.88,80,52,5.81,PE,1683168627
271,tsiombe,-25.3,45.4833,19.51,77,10,4.92,MG,1683168273
272,inhambane,-23.865,35.3833,20.6,81,0,2.28,MZ,1683168628
273,labuan bajo,-8.4964,119.8877,30.08,65,47,1.67,ID,1683168629
274,dauphin,51.1494,-100.0502,14.08,33,0,3.09,CA,1683168629
275,ciudad del carmen,18.6333,-91.8333,28.01,82,0,8.6,MX,1683168630
276,mount gambier,-37.8333,140.7667,15.54,50,33,4.1,AU,1683168182
277,jandaia do sul,-23.6031,-51.6433,20.36,93,48,0.69,BR,1683168632
278,klyuchi,52.2667,79.1667,10.17,38,40,3.53,RU,1683168114
279,atlantis,-33.5667,18.4834,14.44,86,23,1.87,ZA,1683168633
280,egilsstadir,65.2653,-14.3948,2.95,75,20,5.66,IS,1683168125
281,san patricio,28.017,-97.5169,24.35,86,63,3.98,US,1683168316
282,ancud,-41.8697,-73.8203,9.07,91,72,0.9,CL,1683168268
283,flin flon,54.7682,-101.865,11.68,55,100,2.53,CA,1683168098
284,fort frances,48.5999,-93.4003,16.12,39,0,3.6,CA,1683168636
285,sayaxche,16.5167,-90.1667,24.28,70,65,1.27,GT,1683168636
286,qui nhon,13.7667,109.2333,30.09,62,95,3.72,VN,1683168294
287,strezhevoy,60.7333,77.5889,6.55,83,100,3.94,RU,1683168637
288,shalqar,47.8333,59.6,12.75,21,100,8.67,KZ,1683168638
289,amahai,-3.3333,128.9167,30.79,64,17,1.95,ID,1683168638
290,luau,-10.7073,22.2247,14.34,75,2,1.81,AO,1683168639
291,moree,-29.4667,149.85,21.53,26,0,5.49,AU,1683168244
292,sant lluis,39.8526,4.2594,12.22,66,0,1.54,ES,1683168640
293,trujillo,-8.116,-79.03,22.98,83,39,5.14,PE,1683168577
294,riti,7.9167,9.6167,27.22,68,97,1.11,NG,1683168641
295,trinidad,-14.8333,-64.9,20.15,90,77,1.76,BO,1683168642
296,anse royale,-4.7333,55.5167,28.32,74,40,6.17,SC,1683168642
297,priozersk,61.0393,30.1291,4.5,91,98,3.62,RU,1683168643
298,akureyri,65.6835,-18.0878,-0.04,86,0,2.06,IS,1683168643
299,mukalla,14.5425,49.1242,29.31,75,96,0.94,YE,1683168345
300,port saint john's,-31.6229,29.5448,18.02,88,0,2.3,ZA,1683168391
301,altagracia de orituco,9.8601,-66.3814,22.71,79,9,2.05,VE,1683168645
302,general acha,-37.377,-64.6043,11.54,42,0,5.44,AR,1683168646
303,rawson,-43.3002,-65.1023,15.52,54,43,5.83,AR,1683168416
304,vernon,50.2581,-119.2691,25.2,62,71,1.03,CA,1683168315
305,gamay,12.3854,125.2979,27.68,83,100,3.49,PH,1683168648
306,boa vista,2.8197,-60.6733,26.99,69,0,3.09,BR,1683168648
307,bridlington,54.0831,-0.1919,8.83,85,100,5.36,GB,1683168649
308,zaragoza,41.6561,-0.8773,16.25,59,0,3.09,ES,1683168536
309,elliot lake,46.3834,-82.6331,5.05,86,100,3.24,CA,1683168650
310,coahuayana de hidalgo,18.7,-103.6583,23.91,78,76,0.7,MX,1683168136
311,'ayn al 'arab,36.8932,38.3651,13.09,42,0,2.31,SY,1683168651
312,tadine,-21.55,167.8833,27.08,70,19,2.72,NC,1683168652
313,tbilisskaya,45.3633,40.19,8.7,84,2,1.33,RU,1683168652
314,iskateley,67.6803,53.1512,0.28,98,100,4.44,RU,1683168214
315,ajaccio,42,8.9167,12.03,82,20,2.57,FR,1683168654
316,tolanaro,-25.0319,46.9987,21.04,88,40,4.12,MG,1683168221
317,ixtapa,20.7,-105.2,25.57,78,75,2.06,MX,1683168655
318,mtwara,-10.2667,40.1833,21.28,88,1,4.54,TZ,1683168525
319,desna,50.9273,30.7605,9.36,96,100,2.54,UA,1683168656
320,humberto de campos,-2.5983,-43.4611,24.88,92,100,2.58,BR,1683168657
321,corowa,-36.0333,146.3833,15.23,68,0,0.9,AU,1683168657
322,mangrol,21.1167,70.1167,27.71,67,17,2.23,IN,1683168658
323,coquimbo,-29.9533,-71.3436,12.85,87,0,2.57,CL,1683168015
324,kailua-kona,19.6406,-155.9956,28.06,79,40,6.17,US,1683168115
325,itaituba,-4.2761,-55.9836,23.19,99,40,0.56,BR,1683168660
326,tossa de mar,41.7325,2.9338,15.79,9,100,5.17,ES,1683168660
327,knyaze-volkonskoye,48.4642,135.4567,20.19,22,76,10.78,RU,1683168661
328,taoudenni,22.6783,-3.9836,33.65,7,11,3.69,ML,1683168291
329,cockburn town,21.4612,-71.1419,26.99,80,100,5.59,TC,1683168663
330,faya-largeau,17.9257,19.1043,28.41,12,3,1.39,TD,1683168663
331,tazacorte,28.629,-17.9293,19.54,74,0,3.09,ES,1683168664
332,viru,-8.4167,-78.75,24.26,80,14,2.67,PE,1683168665
333,ilebo,-4.3167,20.5833,20.67,99,100,0.43,CD,1683168665
334,hirara,24.8,125.2833,26.92,83,75,7.2,JP,1683168666
335,pokhara,28.2333,83.9833,23.77,46,87,0.99,NP,1683168323
336,dwarka,22.2394,68.9678,27.05,75,2,1.8,IN,1683168363
337,polyarnyy,69.1989,33.4478,-1.21,78,100,10.6,RU,1683168113
338,feijo,-8.1642,-70.3536,24.48,86,94,0.21,BR,1683168668
339,forster,-32.1667,152.5167,20.77,41,0,1.34,AU,1683168669
340,nola,40.922,14.5329,15.35,93,96,2.36,IT,1683168669
341,pudozh,61.8099,36.5345,0.81,82,44,1.81,RU,1683168670
342,goundam,16.4145,-3.6708,28.7,9,0,1.92,ML,1683168671
343,kuala belait,4.5833,114.1833,29.09,72,91,1.03,BN,1683168671
344,chamical,-30.36,-66.314,12.94,35,1,1.43,AR,1683168672
345,saint-louis,16.3333,-15,26.91,30,7,3.82,SN,1683168672
346,kone,-21.0595,164.8658,27.67,72,39,2.21,NC,1683168240
347,korla,41.7597,86.1469,7.13,65,100,9.93,CN,1683168673
348,panguipulli,-39.6333,-72.3333,5.65,98,95,0.85,CL,1683168674
349,vizinga,61.0749,50.1031,7.95,82,99,3.37,RU,1683168675
350,kormilovka,55.0026,74.1028,11.67,30,75,5.81,RU,1683168676
351,igarka,67.4667,86.5833,-0.43,92,99,2.9,RU,1683168312
352,andergrove,-21.0833,149.1833,28.14,67,25,6.59,AU,1683168677
353,geraldton,-28.7667,114.6,23.85,45,5,4.57,AU,1683168168
354,masterton,-40.9597,175.6575,16.6,97,100,1.21,NZ,1683168679
355,khovd,48.0056,91.6419,0.68,40,68,2.2,MN,1683168252
356,whangarei,-35.7317,174.3239,18.3,96,100,4.06,NZ,1683168228
357,puerto deseado,-47.7503,-65.8938,14.47,50,98,10.37,AR,1683168113
358,el granada,37.5027,-122.4694,13.29,91,100,3.6,US,1683168681
359,enewetak,11.3474,162.3373,27.22,78,100,8.3,MH,1683168247
360,nikolayevsk-on-amure,53.1406,140.73,5.44,75,79,5.51,RU,1683168234
361,carolina beach,34.0352,-77.8936,15.04,50,0,6.09,US,1683168683
362,smithers,54.7804,-127.1743,17.18,36,20,5.66,CA,1683168683
363,puerto leguizamo,-0.1934,-74.7819,22.5,98,76,0.51,CO,1683168684
364,cestos city,5.46,-9.5828,26.91,84,68,3.05,LR,1683168685
365,ketchikan,55.3422,-131.6461,9.08,65,99,2.88,US,1683168685
366,sitka,57.0531,-135.33,8.94,61,100,2.57,US,1683168180
367,vilyuysk,63.7553,121.6247,2.54,82,96,4.78,RU,1683168686
368,sinan,34.8262,126.1086,16.06,97,100,13.09,KR,1683168687
369,siwa oasis,29.2041,25.5195,24.43,28,30,4.62,EG,1683168687
370,fale old settlement,-9.3852,-171.2468,28.61,75,79,6.17,TK,1683168106
371,kasempa,-13.4584,25.8338,11.77,79,2,2.21,ZM,1683168689
372,sur,22.5667,59.5289,27.03,79,3,1.3,OM,1683168108
373,yaren,-0.5472,166.916,28.4,75,70,2.7,NR,1683168690
374,juneau,58.3019,-134.4197,9,79,40,3.09,US,1683168454
375,clearwater,27.9659,-82.8001,23.84,60,0,4.47,US,1683168691
376,izluchinsk,60.9794,76.9242,12.01,77,100,5.32,RU,1683168691
377,nadym,65.5333,72.5167,0.1,97,100,7.66,RU,1683168692
378,katabu,-4.9333,122.5167,28.44,79,100,1.91,ID,1683168692
379,udachny,66.4167,112.4,4.14,51,85,6.5,RU,1683168095
380,worcester,42.3334,-71.8328,8.52,96,100,3.09,US,1683168694
381,hemsby,52.6971,1.6918,9.43,90,100,8.01,GB,1683168694
382,novodvinsk,64.4165,40.8122,-0.06,83,100,6.09,RU,1683168695
383,jalqani,12.4486,34.2186,29,11,67,2.76,SD,1683168695
384,nagqu,31.5,92,0.43,83,95,5.55,CN,1683168696
385,tekkali,18.6167,84.2333,25.99,79,98,0.76,IN,1683168696
386,saint-francois,46.4154,3.9054,8.69,87,0,1.54,FR,1683168697
387,gray,35.4167,-100.802,19.89,78,99,8.24,US,1683168421
388,holualoa,19.6228,-155.9522,25.91,81,40,6.17,US,1683167901
389,dryden,49.7833,-92.7503,10.16,40,20,3.09,CA,1683168146
390,tralee,52.2704,-9.7026,10.39,81,87,5.31,IE,1683168183
391,lyozna,55.0249,30.7956,2.45,77,21,1.62,BY,1683168700
392,namibe,-15.1961,12.1522,23.76,76,1,1.4,AO,1683168105
393,vodnyy,63.5046,53.4095,4.9,100,72,3.71,RU,1683168702
394,crane,31.3974,-102.3501,20.54,76,95,3.98,US,1683168238
395,krasnyy chikoy,50.3643,108.7512,8.1,31,100,1.18,RU,1683168703
396,betong,5.7743,101.0723,28.97,76,68,0.25,TH,1683168703
397,satun,6.8333,100,32,57,40,1.52,TH,1683168704
398,hengchun,22.0042,120.7439,27.97,75,7,7.27,TW,1683168570
399,colonia,50.9333,6.95,9.92,74,0,2.06,DE,1683167962
400,kolonia,50.9333,6.95,10.53,71,0,2.06,DE,1683168705
401,mitsamiouli,-11.3847,43.2844,26.4,77,1,4.34,KM,1683168706
402,east london,-33.0153,27.9116,17.06,83,0,2.48,ZA,1683168146
403,half moon,34.826,-77.4594,13.87,58,0,2.57,US,1683168707
404,soio,-6.1349,12.3689,25.61,90,100,3.42,AO,1683168238
405,sola,-13.8833,167.55,27.95,75,49,7.3,VU,1683168708
406,mokrous,51.2333,47.5167,12.92,73,97,5.67,RU,1683168709
407,kirakira,-10.4544,161.9205,30.43,69,96,5.74,SB,1683168316
408,atherton,53.5237,-2.4935,7.9,80,100,2.68,GB,1683168710
409,ciudad rio bravo,25.9833,-98.1,25.99,92,92,4.57,MX,1683168710
410,anyksciai,55.5256,25.1026,1.32,90,2,1.86,LT,1683168711
411,labrador city,52.9463,-66.9114,4.95,75,75,2.57,CA,1683168711
412,thunder bay,48.4001,-89.3168,4.99,81,75,2.57,CA,1683168392
413,chibougamau,49.9168,-74.3659,3.79,81,100,2.57,CA,1683168198
414,yeppoon,-23.1333,150.7333,27.88,51,3,4.63,AU,1683168300
415,san andres,12.5847,-81.7006,29.01,70,20,6.17,CO,1683168713
416,papao,-17.75,-149.55,30.37,80,16,9.82,PF,1683168714
417,galliano,29.4422,-90.2992,23,73,0,0,US,1683168715
418,laojunmiao,39.8333,97.7333,9.94,25,100,4.5,CN,1683168127
419,vadso,70.0744,29.7487,-1.51,68,75,7.2,NO,1683168716
420,touros,-5.1989,-35.4608,25.55,83,9,3.68,BR,1683168240
421,south hedland,-20.4089,118.5983,31.96,20,0,7.72,AU,1683168717
422,kudahuvadhoo,2.6708,72.8944,26.82,84,100,8.61,MV,1683168279
423,nchelenge,-9.3451,28.734,17.16,77,38,3.35,ZM,1683168222
424,safford,32.834,-109.7076,26.51,13,0,9.26,US,1683168718
425,porto novo,6.4965,2.6036,25.88,87,100,2.43,BJ,1683168719
426,weno,7.4515,151.8468,25.97,100,100,2.06,FM,1683168720
427,lachhmangarh sikar,27.8167,75.0333,25.95,52,79,1.56,IN,1683168720
428,kogalym,62.2654,74.4791,6.4,95,100,6.91,RU,1683168722
429,keetmanshoop,-26.5833,18.1333,17.93,17,40,1.61,NA,1683168722
430,inarajan village,13.2736,144.7484,31.54,74,99,5.96,GU,1683168723
431,bonthe,7.5264,-12.505,24.54,90,100,2.84,SL,1683168724
432,yauya,-8.9833,-77.3,8.16,87,51,1.57,PE,1683168724
433,palu,-0.8917,119.8707,29.87,82,32,0.89,ID,1683168725
434,usogorsk,63.4106,48.6872,3.13,88,43,5.46,RU,1683168726
435,mozarlandia,-14.7447,-50.5706,20.43,53,0,2.15,BR,1683168726
436,firuzabad,28.8438,52.5707,17.91,21,0,2.38,IR,1683168727
437,rundu,-17.9333,19.7667,15.47,52,0,1.23,NA,1683168728
438,gadzhiyevo,69.2551,33.3362,-1.29,75,100,10.96,RU,1683168253
439,qarazhal,48.0078,70.7903,8.55,26,0,4.65,KZ,1683168730
440,punta del este,-34.9667,-54.95,16.6,79,0,1.54,UY,1683168730
441,sao joao da barra,-21.6403,-41.0511,22.04,86,2,0.99,BR,1683168731
442,orchard homes,46.8633,-114.0484,26.08,18,0,2.57,US,1683168732
443,makinsk,52.6292,70.4169,9.53,38,9,3.63,KZ,1683168732
444,puerto aysen,-45.4,-72.7,9.05,99,100,2.35,CL,1683168733
445,hammerfest,70.6634,23.6821,-1.75,74,75,2.57,NO,1683168210
446,saudarkrokur,65.7461,-19.6394,4.27,72,96,3.43,IS,1683168734
447,vylkove,45.4021,29.586,10.77,86,100,3.27,UA,1683168735
448,chardara,41.2547,67.9692,11.07,33,7,5.74,KZ,1683168735
449,ust'-kut,56.7938,105.7672,6.5,72,54,0.93,RU,1683168736
450,lospalos,-8.5186,127.0025,27.34,67,32,5.06,TL,1683168736
451,ayaviri,-14.8864,-70.5889,7.49,83,98,1.54,PE,1683168205
452,lazaro cardenas,17.9583,-102.2,26.53,70,53,3.58,MX,1683168268
453,antsiranana,-12.2787,49.2917,24,78,30,5.47,MG,1683168738
454,sao vicente,-23.9631,-46.3919,25.71,26,2,1.2,BR,1683168370
455,ramon castilla,-4.2569,-69.9594,25.14,100,40,0,PE,1683168739
456,timmins,48.4669,-81.3331,5.9,81,40,4.12,CA,1683168557
457,la sarre,48.8002,-79.1996,6.12,84,100,2.29,CA,1683168740
458,remire-montjoly,4.9167,-52.2667,26.02,78,20,2.06,GF,1683168242
459,mirny,62.5353,113.9611,1.77,95,99,5.02,RU,1683168742
460,qarshi,38.8667,65.8,17.9,36,0,1.03,UZ,1683168710
461,shangyu,30.0156,120.8711,29.97,67,99,3.5,CN,1683168743
462,el calafate,-50.3408,-72.2768,7.03,77,5,8.6,AR,1683168497
463,williamsburg,37.2707,-76.7075,11.01,75,40,3.09,US,1683168744
464,arrifes,37.7667,-25.7,16.14,82,40,5.66,PT,1683168473
465,saint-pierre,-21.3393,55.4781,21.43,73,75,3.09,RE,1683168746
466,zhangatas,43.5667,69.75,6.85,30,0,13.95,KZ,1683168747
467,hanzhong,33.0728,107.0303,20.76,73,97,1.43,CN,1683168747
468,san antonio de pale,-1.4014,5.6325,27.66,76,95,1.06,GQ,1683168195
469,bull savanna,17.8868,-77.5902,24.4,80,100,2.99,JM,1683168748
470,tinajo,29.0788,-13.7081,20.49,73,0,9.77,ES,1683168749
471,melo,-32.3667,-54.1833,15.05,92,98,3.13,UY,1683168750
472,ishinomaki,38.4167,141.3,20,36,0,2.69,JP,1683168750
473,pecos,31.4229,-103.4932,23.46,72,0,5.66,US,1683168751
474,upington,-28.4478,21.2561,11.21,25,20,1.03,ZA,1683168751
475,lamar,33.6668,-95.5836,17.95,72,40,2.57,US,1683168752
476,sabang,5.8933,95.3214,28.66,72,100,2.14,ID,1683168753
477,bhabhua,25.05,83.6167,28.24,55,56,1.98,IN,1683168754
478,nkhotakota,-12.9274,34.2961,19.85,73,43,4.25,MW,1683168754
479,kodinsk,58.6881,99.1844,5.68,72,100,2.35,RU,1683168161
480,guayaramerin,-10.8368,-65.3614,22.48,97,6,0.85,BO,1683168755
481,yorkton,51.2167,-102.4677,16.91,36,0,2.57,CA,1683168756
482,turpan,42.9333,89.1667,14.19,39,100,3.9,CN,1683168757
483,tibiri,13.5627,7.0485,28.71,24,3,2.6,NE,1683168757
484,vasilikon,38.4333,23.6667,15.98,83,91,0.61,GR,1683168758
485,comodoro rivadavia,-45.8667,-67.5,15.92,44,0,11.83,AR,1683168758
486,ghadamis,30.1337,9.5007,19.69,27,2,3.51,LY,1683168759
487,ntchisi,-13.5278,33.9149,10.47,87,0,1.14,MW,1683168759
488,san juan del sur,11.2529,-85.8705,28.34,73,69,9.96,NI,1683168760
489,tumayr,25.7039,45.868,23.12,22,3,3.72,SA,1683168760
490,kuching,1.55,110.3333,31.74,70,40,0,MY,1683168761
491,amga,60.8953,131.9608,1.89,82,99,3.7,RU,1683168274
492,guerrero negro,27.9769,-114.0611,14.68,68,20,7.11,MX,1683168254
493,greymouth,-42.4667,171.2,18.91,72,4,1.33,NZ,1683168763
494,mbala,-8.8402,31.3659,14.95,80,72,2.91,ZM,1683168763
495,black river,18.0264,-77.8487,25.64,78,100,2.26,JM,1683168764
496,al kharijah,25.4514,30.5464,23.71,21,0,3.48,EG,1683168179
497,sao jose da coroa grande,-8.8978,-35.1478,25.25,86,61,2.67,BR,1683168735
498,urangan,-25.3,152.9,24.29,40,1,2.4,AU,1683168765
499,tiko,4.0745,9.3699,25.91,88,68,0.78,CM,1683168766
500,ust'-kulom,61.6864,53.6902,7.56,93,98,2.66,RU,1683168766
501,tremonton,41.7119,-112.1655,23.24,14,0,5.14,US,1683168767
502,chizhou,30.6578,117.4831,28.55,62,100,8.02,CN,1683168768
503,kill devil hills,36.0307,-75.676,14.43,53,75,6.17,US,1683168289
504,luganville,-15.5333,167.1667,28.53,75,25,4.46,VU,1683168769
505,male,4.1748,73.5089,27.81,79,100,9.48,MV,1683168615
506,morena,26.4969,78,25.35,61,0,2.02,IN,1683168770
507,guli,28.8833,120.0333,28.71,62,84,2.91,CN,1683168771
508,vrangel',42.7297,133.0839,12.15,71,56,4.36,RU,1683168771
509,harur,12.0667,78.5,26.73,72,100,1.1,IN,1683168772
510,pahrump,36.2083,-115.9839,20.03,22,19,1.79,US,1683168773
511,khandyga,62.6667,135.6,3.87,69,16,2.27,RU,1683168773
512,kurumkan,54.3,110.3,7.45,37,1,0.98,RU,1683168279
513,ust-tsilma,65.441,52.1498,2.72,100,100,2.95,RU,1683168775
514,mount isa,-20.7333,139.5,28.87,32,22,4.63,AU,1683168219
515,eirunepe,-6.6603,-69.8736,24.4,90,98,0.89,BR,1683168776
516,kapa'a,22.0752,-159.319,27.99,71,20,6.17,US,1683168285
517,tromso,69.6496,18.957,-0.9,80,100,0.51,NO,1683168732
518,zaozersk,69.4005,32.4476,-2.4,80,100,7.97,RU,1683168332
519,opuwo,-18.0607,13.84,17.53,43,1,0.45,NA,1683168778
520,soligalich,59.0778,42.2864,2.68,83,6,2.29,RU,1683168779
521,mugia,43.1041,-9.2179,16.62,91,5,7.86,ES,1683168779
522,belmonte,-15.8631,-38.8828,24.12,86,3,1.42,BR,1683168780
523,hibbing,47.4272,-92.9377,16.64,33,75,1.54,US,1683168780
524,kayangel,8.0823,134.7173,28.95,73,100,5.18,PW,1683168282
525,cole harbour,44.6724,-63.4751,3.17,92,100,4.63,CA,1683168781
526,hastings,50.8552,0.5729,11.62,36,100,6.96,GB,1683168782
527,nieuw amsterdam,5.8833,-55.0833,25.09,88,94,4.18,SR,1683168783
528,madera,37.1666,-119.8343,15.24,68,100,2.29,US,1683168783
529,alenquer,-1.9417,-54.7383,23.61,98,100,1.21,BR,1683168784
530,alo,7.4178,6.7371,25.21,86,41,1.23,NG,1683168784
531,muravlenko,63.7898,74.523,2.93,100,100,6.35,RU,1683168785
532,lajere,11.9797,11.4443,27.3,50,12,2.67,NG,1683168786
533,kerrville,30.0474,-99.1403,22.92,56,0,2.06,US,1683168787
534,barcelos,41.5388,-8.6151,16.08,95,12,1.71,PT,1683168408
535,sisimiut,66.9395,-53.6735,0.74,95,100,8.23,GL,1683168788
536,lata,40.1629,-8.3327,14.4,97,4,1.67,PT,1683168789
537,matam,15.6175,-13.3303,32.51,17,3,4.63,SN,1683168790
538,dourados,-22.2211,-54.8056,21.65,89,89,0.28,BR,1683168790
539,clear lake,43.138,-93.3794,13.85,41,0,0,US,1683168791
540,obo,5.3998,26.4869,20.54,90,100,1.73,CF,1683168791
541,voznesenskoye,54.89,42.7569,9.42,94,76,1.63,RU,1683168792
542,huarmey,-10.0681,-78.1522,23.62,84,85,4.86,PE,1683168793